delete from ACTOR_ENTITY;
delete from ACTOR_ENTITY_PELICULAS;
delete from DIRECTOR_ENTITY;
delete from DIRECTOR_ENTITY_PELICULAS;
delete from GENERO_ENTITY;
delete from GENERO_ENTITY_PELICULA;
delete from PELICULA_ENTITY;
delete from PLATAFORMA_ENTITY;
delete from PLATAFORMA_ENTITY_PELICULA;
delete from PREMIO_ENTITY;
delete from PREMIO_ENTITY_PELICULA;
delete from NOMINACION_ENTITY;
delete from NOMINACION_ENTITY_PELICULA;


insert into PELICULA_ENTITY (id, nombre, poster, duracion_sec, pais, fecha_estreno, url, visitas, estrellas_promedio) values (1,'El discurso del rey', 'https://es.web.img3.acsta.net/medias/nmedia/18/82/26/21/19609697.jpg', 34566 , 'Estados Unidos' , '2011-02-11' , 'https://www.youtube.com/watch?v=KpssjoKZK1w' , 5 , 4.1);
insert into PELICULA_ENTITY (id, nombre, poster, duracion_sec, pais, fecha_estreno, url, visitas, estrellas_promedio) values (2, 'Perdida' , 'https://m.media-amazon.com/images/M/MV5BMTk0MDQ3MzAzOV5BMl5BanBnXkFtZTgwNzU1NzE3MjE@._V1_.jpg' , 8940 , 'Estados Unidos' , '2014-02-10' , 'https://www.youtube.com/watch?v=2-_-1nJf8Vg' , 9 , 4.1);
insert into PELICULA_ENTITY (id, nombre, poster, duracion_sec, pais, fecha_estreno, url, visitas, estrellas_promedio) values (3, 'Drive my car' , 'https://static.filmin.es/images/media/36674/11/poster_0_3.png' , 10800 , 'Japón' , '2022-08-08' , 'https://www.youtube.com/watch?v=6BPKPb_RTwI' , 4 , 3.5);
insert into PELICULA_ENTITY (id, nombre, poster, duracion_sec, pais, fecha_estreno, url, visitas, estrellas_promedio) values (4, 'Parasite', 'https://i0.wp.com/cedars.cedarville.edu/wp/wp-content/uploads/2020/05/Parasite-scaled.jpg?fit=1657%2C2560&ssl=1' , 7920 , 'Corea del Sur', '2020-09-01', 'https://www.youtube.com/watch?v=isOGD_7hNIY', 10, 4.8);
insert into PELICULA_ENTITY (id, nombre, poster, duracion_sec, pais, fecha_estreno, url, visitas, estrellas_promedio) values (5, 'Matrix','https://c8.alamy.com/compes/2jh2n9a/pantoliano-fishburne-reeves-posters-matrix-1999-2jh2n9a.jpg', 12393 ,'Estados Unidos','1999-03-12','https://www.youtube.com/watch?v=OM0tSTEQCQA', 3 , 4.3 );
insert into PELICULA_ENTITY (id, nombre, poster, duracion_sec, pais, fecha_estreno, url, visitas, estrellas_promedio) values (6, 'La La Land','https://static01.nyt.com/images/2017/02/26/arts/26OSCARSPOSTER4/26OSCARSPOSTER4-jumbo.jpg', 7890 ,'Estados Unidos','2017-10-12','https://www.youtube.com/watch?v=0pdqf4P9MB8', 9 , 4.0 );
insert into PELICULA_ENTITY (id, nombre, poster, duracion_sec, pais, fecha_estreno, url, visitas, estrellas_promedio) values (7, 'Titanic','https://m.media-amazon.com/images/I/71i6L1vZjiL._AC_SY879_.jpg', 19263 ,'Estados Unidos','1998-02-13','https://www.youtube.com/watch?v=wMZuro21wtE', 48 , 4.4 );
insert into PELICULA_ENTITY (id, nombre, poster, duracion_sec, pais, fecha_estreno, url, visitas, estrellas_promedio) values (8, 'Harry Potter y las reliquias de la Muerte: parte 2','https://es.web.img2.acsta.net/medias/nmedia/18/84/93/87/19765356.jpg', 20415 ,'Estados Unidos','2011-07-15','https://www.youtube.com/watch?v=yB9YvJ0a9aY', 63 , 4.0 );
insert into PELICULA_ENTITY (id, nombre, poster, duracion_sec, pais, fecha_estreno, url, visitas, estrellas_promedio) values (9, 'Black Panther','https://m.media-amazon.com/images/M/MV5BMTg1MTY2MjYzNV5BMl5BanBnXkFtZTgwMTc4NTMwNDI@._V1_.jpg', 19926 ,'Estados Unidos','2018-02-16','https://www.youtube.com/watch?v=xjDjIWPwcPU', 71 , 4.9 );
insert into PELICULA_ENTITY (id, nombre, poster, duracion_sec, pais, fecha_estreno, url, visitas, estrellas_promedio) values (10, 'Frozen II','https://lumiere-a.akamaihd.net/v1/images/p_frozen2_19644_4c4b423d.jpeg', 16208 ,'Estados Unidos','2019-11-22','https://www.youtube.com/watch?v=EBtguNk_Rck', 48 , 3.9 );
insert into PELICULA_ENTITY (id, nombre, poster, duracion_sec, pais, fecha_estreno, url, visitas, estrellas_promedio) values (11, 'Avengers: Infinity War','https://mir-s3-cdn-cf.behance.net/project_modules/max_1200/fb1ede65688027.5afcac81af5e6.jpg', 22103 ,'Estados Unidos','2018-04-27','https://www.youtube.com/watch?v=6ZfuNTqbHE8', 73 , 4.5 );
insert into PELICULA_ENTITY (id, nombre, poster, duracion_sec, pais, fecha_estreno, url, visitas, estrellas_promedio) values (12, 'Jurassic World','https://upload.wikimedia.org/wikipedia/en/6/6e/Jurassic_World_poster.jpg', 18365 ,'Estados Unidos','2015-06-11','https://www.youtube.com/watch?v=fb5ELWi-ekk', 38 , 4.1 );
insert into PELICULA_ENTITY (id, nombre, poster, duracion_sec, pais, fecha_estreno, url, visitas, estrellas_promedio) values (13, 'Star Wars: Episodio VII - El despertar de la Fuerza','https://comicparatodos.files.wordpress.com/2015/12/cartel-star-wars-644x1200.jpg', 20012 ,'Estados Unidos','2015-12-17','https://www.youtube.com/watch?v=5eKLdSDGh9k', 61 , 4.8 );
insert into PELICULA_ENTITY (id, nombre, poster, duracion_sec, pais, fecha_estreno, url, visitas, estrellas_promedio) values (14, 'Ben-Hur', 'https://upload.wikimedia.org/wikipedia/commons/thumb/7/74/Ben_hur_1959_poster.jpg/800px-Ben_hur_1959_poster.jpg', 24571 , 'Estados Unidos', '1959-11-18', 'https://www.youtube.com/watch?v=NR1ZHKw09n8', 63 , 4.9 );
insert into PELICULA_ENTITY (id, nombre, poster, duracion_sec, pais, fecha_estreno, url, visitas, estrellas_promedio) values (15, '', '',  , '', '', '',  ,  );
insert into PELICULA_ENTITY (id, nombre, poster, duracion_sec, pais, fecha_estreno, url, visitas, estrellas_promedio) values (16, '', '',  , '', '', '',  ,  );
insert into PELICULA_ENTITY (id, nombre, poster, duracion_sec, pais, fecha_estreno, url, visitas, estrellas_promedio) values (17, '', '',  , '', '', '',  ,  );
insert into PELICULA_ENTITY (id, nombre, poster, duracion_sec, pais, fecha_estreno, url, visitas, estrellas_promedio) values (18, '', '',  , '', '', '',  ,  );
insert into PELICULA_ENTITY (id, nombre, poster, duracion_sec, pais, fecha_estreno, url, visitas, estrellas_promedio) values (19, '', '',  , '', '', '',  ,  );
insert into PELICULA_ENTITY (id, nombre, poster, duracion_sec, pais, fecha_estreno, url, visitas, estrellas_promedio) values (20, '', '',  , '', '', '',  ,  );


insert into DIRECTOR_ENTITY (id, nombre, fotografia, nacionalidad, fecha_nacimiento, biografia) values (1, 'Tom Hooper' , 'https://es.web.img2.acsta.net/r_1920_1080/pictures/15/08/07/23/02/408747.jpg' , 'Britanica' , '1972-10-05' , 'Thomas George -Tom- Hooper es un director, guionista y productor británico, ganador de un Óscar. Su película El discurso del rey ganó cuatro premios Óscar, entre ellos mejor director y mejor película.');
insert into DIRECTOR_ENTITY (id, nombre, fotografia, nacionalidad, fecha_nacimiento, biografia) values (2, 'David Fincher' , 'https://resizing.flixster.com/2UNYJafA1F4MHYxudpzqeT37gZE=/218x280/v2/https://flxt.tmsimg.com/assets/74061_v9_ba.jpg' , 'Estado Unidense' , '1962-08-28' , 'David Andrew Leo Fincher, conocido como David Fincher, es un director y productor estadounidense de cine, televisión y vídeos musicales. Fue nominado para el Óscar a mejor director por El curioso caso de Benjamin Button, La red social y por Mank.');
insert into DIRECTOR_ENTITY (id, nombre, fotografia, nacionalidad, fecha_nacimiento, biografia) values (3, 'Ryusuke Hamaguchi' , 'https://images.mubicdn.net/images/cast_member/373860/cache-128353-1454441506/image-w856.jpg?size=240x' , 'Japonesa' , '1978-12-16' , 'Ryusuke Hamaguchi is a Japanese film director and screenwriter. An alumnus of the University of Tokyo and the Tokyo National University of Fine Arts and Music, he started getting attention in his home country with the graduate film Passion (2008).');
insert into DIRECTOR_ENTITY (id, nombre, fotografia, nacionalidad, fecha_nacimiento, biografia) values (4, 'Bong Joon-ho' , 'https://images.mubicdn.net/images/cast_member/4836/cache-617588-1607417988/image-w856.jpg?size=240x' , 'Surcoreana' , '1969-09-14' , 'Bong Joon-ho es un director de cine y guionista surcoreano. Entre sus trabajos cinematográficos figuran Memorias de un asesino (2003), la película de monstruos The Host (2006), la película de ciencia ficción Snowpiercer (2013).');
insert into DIRECTOR_ENTITY (id, nombre, fotografia, nacionalidad, fecha_nacimiento, biografia) values (5, 'Larry y Andy Wachowski' , 'https://gcdn.emol.cl/cine/files/2017/12/hermanos-wachowski-antes.jpg' , 'Estadounidenses' , '1965-06-21' , 'Larr y Andy Wachowski (ahora conodicas como Lana y Lilly Wachowski) nacieron y fueron educadas en Chicago, comenzando con una carpintería mientras creaban cómics en su tiempo libre.');
insert into DIRECTOR_ENTITY (id, nombre, fotografia, nacionalidad, fecha_nacimiento, biografia) values (6, 'Damien Chazelle' , 'https://upload.wikimedia.org/wikipedia/commons/thumb/6/61/Damien_Chazelle_in_NYC%2C_2018_%28cropped%29.jpg/800px-Damien_Chazelle_in_NYC%2C_2018_%28cropped%29.jpg' , 'Estadounidesne' , '1985-01-19' , 'Damien Sayre Chazelle es un director, guionista y productor de cine estadounidense y francés. Dirigió y escribió Whiplash y La La Land, estrenadas en 2014 y 2016, así como First Man en 2018.');
insert into DIRECTOR_ENTITY (id, nombre, fotografia, nacionalidad, fecha_nacimiento, biografia) values (7, 'James Cameron' , 'https://static.wikia.nocookie.net/doblaje/images/8/83/James_Cameron.jpg/revision/latest/scale-to-width-down/333?cb=20211101064107&path-prefix=es' , 'Canadiense' , '1954-08-16' , 'James Francis Cameron es un director, guionista, productor de cine, editor de cine, ingeniero, filántropo y explorador marino canadiense..');
insert into DIRECTOR_ENTITY (id, nombre, fotografia, nacionalidad, fecha_nacimiento, biografia) values (8, 'David Yates' , 'https://es.web.img3.acsta.net/pictures/18/11/09/09/30/5964618.jpg' , 'Britanica' , '1963-10-08' , 'David Yates es un director, guionista y productor de cine y televisión británico que ha desarrollado una larga carrera televisiva en su país, principalmente concretando diferentes trabajos para la cadena BBC.');
insert into DIRECTOR_ENTITY (id, nombre, fotografia, nacionalidad, fecha_nacimiento, biografia) values (9, 'Ryan Coogler' , 'https://upload.wikimedia.org/wikipedia/commons/4/44/Ryan_Coogler_%2836203771036%29_2.jpg' , 'Estadounidense' , '1986-05-23' , 'Ryan Kyle Coogler es un director y guionista estadounidense. Es conocido en la industria por su trabajo como director de las películas Creed y Black Panther.');
insert into DIRECTOR_ENTITY (id, nombre, fotografia, nacionalidad, fecha_nacimiento, biografia) values (10, 'Jennifer Lee y Chris Buck' , 'https://www2.pictures.zimbio.com/gi/Premiere+Walt+Disney+Animation+Studios+Frozen+sijRQHu_bX-x.jpg' , 'Estadounidenses' , '1971-10-21' , 'Jennifer Michelle Lee es una guionista, directora y productora estadounidense, conocida por ser la directora y guionista de la película Frozen, con la que ganó el Óscar a mejor película animada..');
insert into DIRECTOR_ENTITY (id, nombre, fotografia, nacionalidad, fecha_nacimiento, biografia) values (11, 'Anthony y Joe Russo' , 'https://hips.hearstapps.com/es.h-cdn.co/fotoes/images/noticias-cine/los-hermanos-russo-dirigiran-los-vengadores-3-infinity-war/45527073-1-esl-ES/Los-hermanos-Russo-dirigiran-Los-Vengadores-3-Infinity-War.jpg' , 'Estadounidenses' , '1970-02-03' , 'Anthony Russo (n. 3 de febrero de 1970) y Joseph V. Russo (n. 18 de julio de 1971) son dos hermanos directores, productores, guionistas.');
insert into DIRECTOR_ENTITY (id, nombre, fotografia, nacionalidad, fecha_nacimiento, biografia) values (12, 'Colin Trevorrow' , 'https://static.wikia.nocookie.net/esstarwars/images/6/6a/Colin_Trevorrow.jpg/revision/latest/scale-to-width-down/350?cb=20200909181002' , 'Estadounidense' , '1976-09-13' , 'Colin Trevorrow es un director y guionista de cine estadounidense, conocido por su trabajo en la película de 2012 Safety Not Guaranteed y en la cuarta entrega de la franquicia de Jurassic Park: Jurassic World.');
insert into DIRECTOR_ENTITY (id, nombre, fotografia, nacionalidad, fecha_nacimiento, biografia) values (13, 'J. J. Abrams' , 'https://static.wikia.nocookie.net/esstarwars/images/5/54/JJ_Abrams.jpg/revision/latest?cb=20130128212406' , 'Estadounidense' , '1966-06-27' , 'Jeffrey Jacob Abrams, más conocido como J. J. Abrams, es un director, productor, guionista, actor y compositor de cine y televisión estadounidense. Es propietario de la productora de cine Bad Robot Productions.');
insert into DIRECTOR_ENTITY (id, nombre, fotografia, nacionalidad, fecha_nacimiento, biografia) values (14,'William Wyler','https://upload.wikimedia.org/wikipedia/commons/c/cd/William_Wyler_portrait.jpg','Suizogermanoestadounidense','1902-07-01','William Wyler was a Swiss-German-American film director and producer who won the Academy Award for Best Director three times, those being for Mrs. Miniver (1942), The Best Years of Our Lives (1946), and Ben-Hur (1959), all of which also won for Best Picture. In total, he holds a record twelve nominations for the Academy Award for Best Director.');
insert into DIRECTOR_ENTITY (id, nombre, fotografia, nacionalidad, fecha_nacimiento, biografia) values (15,'','','','','');
insert into DIRECTOR_ENTITY (id, nombre, fotografia, nacionalidad, fecha_nacimiento, biografia) values (16,'','','','','');
insert into DIRECTOR_ENTITY (id, nombre, fotografia, nacionalidad, fecha_nacimiento, biografia) values (17,'','','','','');
insert into DIRECTOR_ENTITY (id, nombre, fotografia, nacionalidad, fecha_nacimiento, biografia) values (18,'','','','','');
insert into DIRECTOR_ENTITY (id, nombre, fotografia, nacionalidad, fecha_nacimiento, biografia) values (19,'','','','','');
insert into DIRECTOR_ENTITY (id, nombre, fotografia, nacionalidad, fecha_nacimiento, biografia) values (20,'','','','','');



insert into ACTOR_ENTITY (id, nombre, fotografia, nacionalidad, fecha_nacimiento, biografia) values (1, 'Colin Firth' , 'https://es.web.img3.acsta.net/pictures/16/05/17/10/21/507039.jpg' , 'Britanica' , '1960-09-11' , 'Colin Andrew Firth es un actor y productor de cine británico. Sus 42 películas han recaudado más de 500 millones de dólares en todo el mundo..');
insert into ACTOR_ENTITY (id, nombre, fotografia, nacionalidad, fecha_nacimiento, biografia) values (2, 'Geoffrey Rush' , 'https://cdn.britannica.com/08/147808-050-A366AEA3/Geoffrey-Rush-2010.jpg' , 'Australiana' , '1951-07-06' , 'Geoffrey Roy Rush, conocido como Geoffrey Rush, es un actor australiano multipremiado. Conocido por interpretar al capitán Hector Barbossa en las cinco películas de Piratas del Caribe, Lionel Logue en El discurso del rey.');
insert into ACTOR_ENTITY (id, nombre, fotografia, nacionalidad, fecha_nacimiento, biografia) values (3, 'Helena Bonham Carter' , 'https://upload.wikimedia.org/wikipedia/commons/thumb/6/6e/Helena_Bonham_Carter_2011_AA.jpg/640px-Helena_Bonham_Carter_2011_AA.jpg' , 'Britanica' , '1966-05-26' , 'Helena Bonham Carter es una actriz británica, ganadora del premio BAFTA, y dos veces nominada a los Premios Óscar Hizo su debut como actriz en una adaptación para .');
insert into ACTOR_ENTITY (id, nombre, fotografia, nacionalidad, fecha_nacimiento, biografia) values (4, 'Guy Pearce' , 'https://resizing.flixster.com/TNqXJT4tGUoCKg-Gg1T2BLFVfr0=/218x280/v2/https://flxt.tmsimg.com/assets/74054_v9_bc.jpg' , 'Britanica' , '1967-10-05' , 'Guy Edward Pearce, conocido como Guy Pearce, es un actor australiano nacido en el Reino Unido. Su primer éxito en el cine fue actuando en Las aventuras de Priscilla, reina del desierto en 1994.');
insert into ACTOR_ENTITY (id, nombre, fotografia, nacionalidad, fecha_nacimiento, biografia) values (5, 'Jennifer Ehle' , 'https://static.wikia.nocookie.net/shadowhunters/images/0/01/Jennifer_Ehle_2017.jpg/revision/latest/scale-to-width-down/180?cb=20170924212824&path-prefix=es' , 'Estadounidense' , '1929-12-29' , 'Jennifer Ann Ehle es una actriz estadounidense de teatro y cine. Es conocida por su papel como Elizabeth Bennet en la mini-serie Pride and Prejudice.');
insert into ACTOR_ENTITY (id, nombre, fotografia, nacionalidad, fecha_nacimiento, biografia) values (6, 'Rosamund Pike' , 'https://es.web.img3.acsta.net/c_310_420/pictures/15/07/24/10/05/242676.jpg' , 'Britanica' , '1979-01-20' , 'Rosamund Mary Ellen Pike, más conocida como Rosamund Pike, es una actriz de cine y televisión británica.');
insert into ACTOR_ENTITY (id, nombre, fotografia, nacionalidad, fecha_nacimiento, biografia) values (7, 'Emily Ratajkowski' , 'https://media.vogue.mx/photos/62c6d2bd348fa52aeb48e7bf/2:3/w_1920,c_limit/GettyImages-1403883831.jpg' , 'Britanica' , '1991-06-07' , 'Emily Ratajkowski es una modelo, empresaria y actriz estadounidense.');
insert into ACTOR_ENTITY (id, nombre, fotografia, nacionalidad, fecha_nacimiento, biografia) values (8, 'Ben Affleck' , 'https://upload.wikimedia.org/wikipedia/commons/thumb/7/70/Ben_Affleck_by_Gage_Skidmore_3.jpg/1200px-Ben_Affleck_by_Gage_Skidmore_3.jpg' , 'Estadounidense' , '1972-08-15' , 'Benjamin Géza Affleck-Boldt, conocido simplemente como Ben Affleck, es un actor, director, productor y guionista estadounidense.');
insert into ACTOR_ENTITY (id, nombre, fotografia, nacionalidad, fecha_nacimiento, biografia) values (9, 'Neil Patrick Harris' , 'https://upload.wikimedia.org/wikipedia/commons/1/19/5.3.10NeilPatrickHarrisByDavidShankbone.jpg' , 'Estadounidense' , '1973-06-15' , 'Neil Patrick Harris es un actor, cantante, escritor, ilusionista, comediante y director estadounidense. Los papeles más destacados de su carrera incluyen el papel principal en Doogie Howser, M.');
insert into ACTOR_ENTITY (id, nombre, fotografia, nacionalidad, fecha_nacimiento, biografia) values (10, 'Carrie Coon' , 'https://es.web.img3.acsta.net/pictures/14/06/25/14/26/052924.jpg' , 'Estadounidense' , '1981-01-14' , 'Carrie Alexandra Coon es una actriz estadounidense. Coon fue nominada a un premio Tony en 2012 por su actuación en la obra ¿Quién teme a Virginia Woolf?');
insert into ACTOR_ENTITY (id, nombre, fotografia, nacionalidad, fecha_nacimiento, biografia) values (11, 'Reika Kirishima' , 'https://static.wikia.nocookie.net/drama/images/5/51/KirishimaReika.jpg/revision/latest?cb=20181026163355&path-prefix=es' , 'Japonesa' , '1972-08-15' , 'Reika Kirishima  is a Japanese film and television actress active since 1997. Her first feature movie was Godzilla: Final Wars and first television show was Strawberry Night.');
insert into ACTOR_ENTITY (id, nombre, fotografia, nacionalidad, fecha_nacimiento, biografia) values (12, 'Tōko Miura' , 'https://static.wikia.nocookie.net/tenkinoko1663/images/f/f3/Toko_Miura.png/revision/latest?cb=20201211231404' , 'Japonesa' , '1996-10-20' , 'Tōko Miura es una actriz y cantante japonesa. Es mejor conocida internacionalmente por su papel en la película Drive My Car del 2021, así como por su trabajo en la banda sonora de la película animada Weathering with You del 2019.');
insert into ACTOR_ENTITY (id, nombre, fotografia, nacionalidad, fecha_nacimiento, biografia) values (13, 'Hidetoshi Nishijima' , 'https://static.wikia.nocookie.net/drama/images/b/bd/Nishijima_Hidetoshi_4.jpg/revision/latest?cb=20180909185443&path-prefix=es' , 'Japonesa' , '1971-03-29' , 'Hidetoshi Nishijima is a Japanese actor. He is widely regarded as one of Japans leading actors in numerous films and television drama series.');
insert into ACTOR_ENTITY (id, nombre, fotografia, nacionalidad, fecha_nacimiento, biografia) values (14, 'Park Yu-rim' , 'https://m.media-amazon.com/images/M/MV5BY2FlMGNjN2UtMjYxYi00OWUzLTkzMDgtMmQzZWFlYWIyNjY1XkEyXkFqcGdeQXVyNTI5NjIyMw@@._V1_.jpg' , 'Surcoreana' , '1993-02-06' , 'sth geet wrong ... ');
insert into ACTOR_ENTITY (id, nombre, fotografia, nacionalidad, fecha_nacimiento, biografia) values (15, 'Masaki Okada' , 'https://static.wikia.nocookie.net/drama/images/1/11/Okada_Masaki28.jpg/revision/latest?cb=20180115062632&path-prefix=es' , 'Japonesa' , '1989-08-15' , 'Masaki Okada es un actor japonés. Okada es más conocido por sus papeles de Kyogo Sekime en el drama Hanazakari no Kimitachi e y Takuma Kakinouchi en la película Boku no Hatsukoi o Kimi ni Sasagu.');
insert into ACTOR_ENTITY (id, nombre, fotografia, nacionalidad, fecha_nacimiento, biografia) values (16, 'Cho Yeo-jeong' , 'https://upload.wikimedia.org/wikipedia/commons/3/3a/Cho_Yeo-jeong.2019.jpg' , 'Surcoreana' , '1991-02-18' , 'Cho Yeo-jeong, es una actriz surcoreana. Conocida principalmente en el cine surcoreano por sus papeles principales en las películas de época The Servant y The Concubine, así como por protagonizar la serie de televisión I Need Romance.');
insert into ACTOR_ENTITY (id, nombre, fotografia, nacionalidad, fecha_nacimiento, biografia) values (17, 'Park Seo-joon' , 'https://upload.wikimedia.org/wikipedia/commons/9/9d/20211203_Park_Seo-joon_%EB%B0%95%EC%84%9C%EC%A4%80_Photoshoot_for_Marie_Claire_Korea_%284%29.jpg' , 'Surcoreana' , '1988-12-16' , 'Theres no description');
insert into ACTOR_ENTITY (id, nombre, fotografia, nacionalidad, fecha_nacimiento, biografia) values (18, 'Park So-dam' , 'https://static.wikia.nocookie.net/drama/images/8/80/Park_So_Dam46.jpg/revision/latest?cb=20190603042456&path-prefix=es' , 'Surcoreana' , '1991-09-18' , 'Park So-dam es una actriz surcoreana, conocida en particular por su papel de Kim Ki-jung / Jessica en la película Parasite.');
insert into ACTOR_ENTITY (id, nombre, fotografia, nacionalidad, fecha_nacimiento, biografia) values (19, 'Jung Ji-so' , 'https://static.wikia.nocookie.net/drama/images/5/51/Jung_Ji_So10.jpg/revision/latest?cb=20191218164807&path-prefix=es' , 'Surcoreana' , '1999-09-17' , 'Hyun Seung-min conocida profesionalmente como Jung Ji-so, es una actriz y expatinadora artística surcoreana. Es conocida internacionalmente sobre todo por su personaje Park Da-hye en la película Parasite.');
insert into ACTOR_ENTITY (id, nombre, fotografia, nacionalidad, fecha_nacimiento, biografia) values (20, 'Song Kang-ho' , 'https://images.mubicdn.net/images/cast_member/4878/cache-146625-1607415235/image-w856.jpg?size=800x' , 'Surcoreana' , '1940-12-31' , 'Song Kang-ho es un actor surcoreano. Se graduó de la Universidad Busan Kyungsang con una licenciatura en radiodifusión, pero comenzó su carrera en grupos de teatro sin preparación profesional como actor. Hizo su debut en 1991 en la obra Dongseung.');
insert into ACTOR_ENTITY (id, nombre, fotografia, nacionalidad, fecha_nacimiento, biografia) values (21, 'Keanu Reeves' , 'https://media.gq.com.mx/photos/5f57d52d4464f9b88fb26729/3:4/w_1500,h_2000,c_limit/Keanu-Reeves.jpg' , 'Canadiense' , '1964-09-02' , 'Keanu Charles Reeves es un actor y músico canadiense. Tiene sangre china por parte de su abuela.');
insert into ACTOR_ENTITY (id, nombre, fotografia, nacionalidad, fecha_nacimiento, biografia) values (22, 'Carrie-Anne Moss' , 'https://www.themoviedb.org/t/p/w500/xD4jTA3KmVp5Rq3aHcymL9DUGjD.jpg' , 'Canadiense' , '1967-08-21' , 'Carrie-Anne Moss es una actriz canadiense que consiguió fama mundial tras sus apariciones en la saga The Matrix como Trinity');
insert into ACTOR_ENTITY (id, nombre, fotografia, nacionalidad, fecha_nacimiento, biografia) values (23, 'Laurence Fishburne' , 'https://static.wikia.nocookie.net/dcextendeduniverse/images/6/6b/Laurence_Fishburne.jpg/revision/latest?cb=20200928234100&path-prefix=es' , 'Estadounidense' , '1961-07-30' , 'Laurence John Fishburne III, más conocido como Laurence Fishburne, es un actor de cine estadounidense. Conocido principalmente por su rol como Morfeo en la película de ciencia ficción The Matrix y sus secuelas');
insert into ACTOR_ENTITY (id, nombre, fotografia, nacionalidad, fecha_nacimiento, biografia) values (24, 'Hugo Weaving' , 'https://www.themoviedb.org/t/p/w500/kkkZx3qoLA8oilMSCGT4soDqXPu.jpg' , 'Britanico-australiana' , '1960-04-04' , 'Hugo Wallace Weaving is an English actor. Born in Colonial Nigeria to English parents, he has resided in Australia for the entirety of his career.');
insert into ACTOR_ENTITY (id, nombre, fotografia, nacionalidad, fecha_nacimiento, biografia) values (25, 'Marcus Chong' , 'https://static.wikia.nocookie.net/thecrow/images/d/d4/134F60D5-968B-4ABE-A3B6-B0542BE32BCA.jpeg/revision/latest?cb=20190713165903' , 'Estadounidense' , '1967-07-08' , 'Marcus Scott Chong es un actor estadounidense. Es conocido por interpretar a Miguel Méndez en el drama criminal de corta duración, Street Justice, al activista de la vida real Huey P. Newton en Panther, dirigida por Mario Van Peebles.');
insert into ACTOR_ENTITY (id, nombre, fotografia, nacionalidad, fecha_nacimiento, biografia) values (26, 'Emma Stone' , 'https://upload.wikimedia.org/wikipedia/commons/3/31/Emma_Stone_at_Maniac_UK_premiere_%28cropped%29.jpg' , 'Estadounidense' , '1988-11-06' , 'Emily Jean Stone, más conocida profesionalmente como Emma Stone, es una actriz estadounidense. También ha incursionado en la producción cinematográfica.');
insert into ACTOR_ENTITY (id, nombre, fotografia, nacionalidad, fecha_nacimiento, biografia) values (27, 'Ryan Gosling' , 'https://static.wikia.nocookie.net/doblaje/images/b/bf/Ryan-Gosling-Black-Hair-2015.jpg/revision/latest?cb=20160214020613&path-prefix=es' , 'Canadiense' , '1980-11-12' , 'Ryan Thomas Gosling es un actor y músico canadiense. También ha incursionado en la dirección y producción cinematográfica.');
insert into ACTOR_ENTITY (id, nombre, fotografia, nacionalidad, fecha_nacimiento, biografia) values (28, 'J. K. Simmons' , 'https://static.wikia.nocookie.net/cine/images/f/ff/J.K._Simmons.jpg/revision/latest?cb=20150223183337' , 'Estadounidense' , '1955-01-09' , 'Jonathan Kimble Simmons, más conocido como J. K. Simmons, es un actor estadounidense ganador del Óscar, Globo de Oro, BAFTA, Premio del Sindicato de Actores, entre otros premios.');
insert into ACTOR_ENTITY (id, nombre, fotografia, nacionalidad, fecha_nacimiento, biografia) values (29, 'John Legend' , 'https://static.wikia.nocookie.net/doblaje/images/0/0e/John_Legend.jpg/revision/latest?cb=20220822184545&path-prefix=es' , 'Estadounidense' , '1978-12-28' , 'John Roger Stephens, conocido como John Legend, es un cantante, compositor, pianista y actor estadounidense. Ha ganado once premios Grammy, un Premio Globo de Oro y un Oscar. En 2007, Legend recibió el Premio Hal David Starlight.');
insert into ACTOR_ENTITY (id, nombre, fotografia, nacionalidad, fecha_nacimiento, biografia) values (30, 'Finn Wittrock' , 'https://flxt.tmsimg.com/assets/276756_v9_bb.jpg' , 'Estadounidense' , '1984-10-28' , 'Peter -Finn- Wittrock, Jr. es un actor y guionista estadounidense. Comenzó su carrera con papeles como invitado en varios programas de televisión, antes de hacer su debut en el cine en Twelve.');
insert into ACTOR_ENTITY (id, nombre, fotografia, nacionalidad, fecha_nacimiento, biografia) values (31, 'Kate Winslet' , 'https://media.vogue.es/photos/607ed1366badb6988b205bf2/2:3/w_2560%2Cc_limit/GettyImages-97524191.jpg' , 'Britanica' , '1975-10-05' , 'Kate Elizabeth Winslet es una actriz británica de cine, televisión y teatro. Ha trabajado mayoritariamente en películas independientes, particularmente en dramas de época, y suele interpretar personajes complejos.');
insert into ACTOR_ENTITY (id, nombre, fotografia, nacionalidad, fecha_nacimiento, biografia) values (32, 'Leonardo DiCaprio' , 'https://media.revistagq.com/photos/62ecd65ffb28d86a388289d6/2:3/w_720,h_1080,c_limit/Devil-in-the-white-city-keanu-reeves-Leonardo-dicaprio-Martin-scorsese.jpg' , 'Estadounidense' , '1974-11-11' , 'Leonardo Wilhelm DiCaprio es un actor, productor de cine y ambientalista estadounidense. Ha recibido numerosos premios entre los que destacan un Óscar al mejor actor; un premio BAFTA al mejor actor..');
insert into ACTOR_ENTITY (id, nombre, fotografia, nacionalidad, fecha_nacimiento, biografia) values (33, 'Billy Zane' , 'https://static.wikia.nocookie.net/arrow/images/9/9c/Billy_Zane.png/revision/latest?cb=20170621032241&path-prefix=es' , 'Estadounidense' , '1966-02-24' , 'William George Zane Jr. conocido como Billy Zane, es un actor y director estadounidense conocido por sus papeles en Titanic. ');
insert into ACTOR_ENTITY (id, nombre, fotografia, nacionalidad, fecha_nacimiento, biografia) values (34, 'Kathy Bates' , 'https://images.mubicdn.net/images/cast_member/23258/cache-725-1595703849/image-w856.jpg' , 'Estadounidense' , '1948-06-28' , 'Kathleen Doyle Bates, conocida artísticamente como Kathy Bates, es una actriz estadounidense de cine, televisión y teatro, ganadora de los premios Óscar, Globo de Oro, Emmy y SAG');
insert into ACTOR_ENTITY (id, nombre, fotografia, nacionalidad, fecha_nacimiento, biografia) values (35, 'Bill Paxton' , 'https://upload.wikimedia.org/wikipedia/commons/thumb/9/99/Bill_Paxton_in_July_2016_cropped_lighting_corrected_hue_correction.jpg/800px-Bill_Paxton_in_July_2016_cropped_lighting_corrected_hue_correction.jpg' , 'Estadounidense' , '1955-05-17' , 'William Archibald Paxton fue un actor y director de cine y televisión estadounidense. Paxton, uno de los secundarios ilustres de Hollywood. ');
insert into ACTOR_ENTITY (id, nombre, fotografia, nacionalidad, fecha_nacimiento, biografia) values (36, 'Daniel Radcliffe' , 'https://upload.wikimedia.org/wikipedia/commons/thumb/3/3b/Daniel_Radcliffe_in_July_2015.jpg/640px-Daniel_Radcliffe_in_July_2015.jpg' , 'Britanica' , '1989-07-23' , 'Daniel Jacob Radcliffe es un actor británico, principalmente conocido por haber protagonizado la saga cinematográfica de Harry Potter. Fundamentalmente por ello, ha recaudado una fortuna de 23 millones de libras esterlinas.');
insert into ACTOR_ENTITY (id, nombre, fotografia, nacionalidad, fecha_nacimiento, biografia) values (37, 'Emma Watson' , 'https://i.pinimg.com/originals/64/95/d0/6495d05033eb2029300f4a6fe5151952.jpg' , 'Britanica' , '1990-04-15' , 'Emma Charlotte Duerre Watson es una actriz, modelo y activista británica, conocida principalmente por haber interpretado el personaje de Hermione Granger en la saga de películas de Harry Potter.');
insert into ACTOR_ENTITY (id, nombre, fotografia, nacionalidad, fecha_nacimiento, biografia) values (38, 'Rupert Grint' , 'https://media.revistagq.com/photos/5fac48293c41c2e74eae42e4/master/pass/GettyImages-651023044.jpg' , 'Britanica' , '1988-08-29' , 'Rupert Alexander Lloyd Grint es un actor inglés, conocido por interpretar a Ron Weasley en la serie de películas de Harry Potter.');
insert into ACTOR_ENTITY (id, nombre, fotografia, nacionalidad, fecha_nacimiento, biografia) values (39, 'Alan Rickman' , 'https://upload.wikimedia.org/wikipedia/commons/thumb/1/17/Alan_Rickman_at_BAM_-17.jpg/640px-Alan_Rickman_at_BAM_-17.jpg' , 'Britanica' , '1946-02-21' , 'Alan Sidney Patrick Rickman, conocido como Alan Rickman, fue un actor, director de cine y teatro y diseñador gráfico británico. Falleció el 14 de enero de 2016 en Londres.');
insert into ACTOR_ENTITY (id, nombre, fotografia, nacionalidad, fecha_nacimiento, biografia) values (40, 'Ralph Fiennes' , 'https://images.mubicdn.net/images/cast_member/15458/cache-3877-1609422838/image-w856.jpg' , 'Britanica' , '1962-12-22' , 'Ralph Nathaniel Twisleton-Wykeham-Fiennes, conocido artísticamente como Ralph Fiennes, es un actor británico, nominado dos veces al premio Óscar.');
insert into ACTOR_ENTITY (id, nombre, fotografia, nacionalidad, fecha_nacimiento, biografia) values (41, 'Chadwick Boseman' , 'https://static.wikia.nocookie.net/doblaje/images/0/07/Chadwickboseman.jpg/revision/latest?cb=20210629220137&path-prefix=es' , 'Estadounidense' , '1976-11-29' , 'Chadwick Aaron Boseman fue un actor, guionista y dramaturgo estadounidense. Inició su carrera como actor en 2003 haciendo apariciones breves en series de televisión como Law & Order, All My Children, Third Watch, CSI: NY, entre otras.');
insert into ACTOR_ENTITY (id, nombre, fotografia, nacionalidad, fecha_nacimiento, biografia) values (42, 'Lupita Nyongo' , 'https://upload.wikimedia.org/wikipedia/commons/3/34/SXSW_2019_4_%2847282558132%29_%28cropped%29.jpg' , 'Keniana y Mexicana' , '1983-03-01' , 'Lupita Amondi Nyongo más conocida como Lupita Nyongo, es una actriz mexicana-keniana de cine y televisión. Saltó a la fama en 2013 con su papel como Patsey en la película 12 años de esclavitud, del director británico Steve Rodney McQueen.');
insert into ACTOR_ENTITY (id, nombre, fotografia, nacionalidad, fecha_nacimiento, biografia) values (43, 'Michael B. Jordan' , 'https://static.wikia.nocookie.net/doblaje/images/1/16/Michael_B._Jordan.png/revision/latest?cb=20191228022337&path-prefix=es' , 'Estadounidense' , '1987-02-09' , 'Michael Bakari Jordan, popularmente conocido como Michael B. Jordan, es un actor, director y productor estadounidense. Es conocido por interpretar al personaje de Erik Killmonger, el primo y enemigo de TChalla.');
insert into ACTOR_ENTITY (id, nombre, fotografia, nacionalidad, fecha_nacimiento, biografia) values (44, 'Letitia Wright' , 'https://es.web.img3.acsta.net/pictures/19/04/25/23/54/1990890.jpg' , 'Britanica y Guyanesa' , '1993-10-31' , 'Letitia Michelle Wright es una actriz guyanesa-británica. Comenzó su carrera con papeles como invitada en las series de televisión Top Boy, Coming Up, Chasing Shadows, Humans, Doctor Who, y Black Mirror.');
insert into ACTOR_ENTITY (id, nombre, fotografia, nacionalidad, fecha_nacimiento, biografia) values (45, 'Danai Gurira' , 'https://static.wikia.nocookie.net/doblaje/images/8/84/Danai_grira_2019.jpg/revision/latest?cb=20191006193413&path-prefix=es' , 'Estadounidense' , '1978-02-14' , 'Danai Jekesai Gurira es una actriz y dramaturga estadounidense-zimbabuense. Ha aparecido en diversos programas de televisión, películas y obras de teatro. Es más conocida por su papel como Michonne en la serie de televisión The Walking Dead.');
insert into ACTOR_ENTITY (id, nombre, fotografia, nacionalidad, fecha_nacimiento, biografia) values (46, 'Andy Serkis' , 'https://es.web.img3.acsta.net/pictures/17/12/11/12/30/5609551.jpg' , 'Britanica' , '1964-04-20' , 'Andrew Clement Serkis es un actor, director de cine y escritor británico.');
insert into ACTOR_ENTITY (id, nombre, fotografia, nacionalidad, fecha_nacimiento, biografia) values (47, 'Kristen Bell (Voz de Anna)' , 'https://static.wikia.nocookie.net/doblaje/images/d/df/Kristen_Bell_2019.jpg/revision/latest?cb=20191111181825&path-prefix=es' , 'Estadounidense' , '1980-07-18' , 'Kristen Anne Bell es una actriz estadounidense de cine y televisión, además de haberse desempeñado como actriz de teatro. Bell ha sido citada en los medios como una de las jóvenes que ha popularizado el estereotipo de chica geek.');
insert into ACTOR_ENTITY (id, nombre, fotografia, nacionalidad, fecha_nacimiento, biografia) values (48, 'Idina Menzel (Voz de Elsa)' , 'https://static.wikia.nocookie.net/disney/images/e/e0/Idina_Menzel.jpg/revision/latest?cb=20201223195754' , 'Estadounidense' , '1971-05-31' , 'Idina Kim Menzel es una actriz y cantante estadounidense, especialmente conocida por interpretar a la Reina Elsa en la película de Disney de 2013 Frozen, además de interpretar la canción de la película en su versión oficial en inglés.');
insert into ACTOR_ENTITY (id, nombre, fotografia, nacionalidad, fecha_nacimiento, biografia) values (49, 'Jonathan Groff (Voz de Kristoff)' , 'https://images.mubicdn.net/images/cast_member/21218/cache-170058-1600935533/image-w856.jpg?size=800x' , 'Estadounidense' , '1985-03-26' , 'Jonathan Drew Groff es un cantautor estadounidense de pop y actor de cine, teatro y televisión.');
insert into ACTOR_ENTITY (id, nombre, fotografia, nacionalidad, fecha_nacimiento, biografia) values (50, 'Josh Gad (Voz de Olaf)' , 'https://www.themoviedb.org/t/p/w500/17iKlfWZBDTAucqjkhRKHr9xjIz.jpg' , 'Estadounidense' , '1981-02-23' , 'Joshua Ilan Gad, más conocido como Josh Gad, es un actor estadounidense famoso dar voz a Olaf en Frozen.');
insert into ACTOR_ENTITY (id, nombre, fotografia, nacionalidad, fecha_nacimiento, biografia) values (51, 'Robert Downey Jr.' , 'https://e00-elmundo.uecdn.es/assets/multimedia/imagenes/2015/08/06/14388723698931.jpg' , 'Estadounidense' , '1965-04-04' , 'Robert John Downey Jr. es un actor, actor de voz, productor y cantante estadounidense.');
insert into ACTOR_ENTITY (id, nombre, fotografia, nacionalidad, fecha_nacimiento, biografia) values (52, 'Josh Brolin' , 'https://flxt.tmsimg.com/assets/74371_v9_bc.jpg' , 'Estadounidense' , '1968-02-12' , 'Josh James Brolin es un actor de cine y televisión estadounidense. Su primer papel fue en la película Los Goonies en 1985.');
insert into ACTOR_ENTITY (id, nombre, fotografia, nacionalidad, fecha_nacimiento, biografia) values (53, 'Chris Hemsworth' , 'https://upload.wikimedia.org/wikipedia/commons/e/e8/Chris_Hemsworth_by_Gage_Skidmore_2_%28cropped%29.jpg' , 'Australiana' , '1983-08-11' , 'Christopher Hemsworth, conocido simplemente como Chris Hemsworth, es un actor, actor de voz y productor australiano.');
insert into ACTOR_ENTITY (id, nombre, fotografia, nacionalidad, fecha_nacimiento, biografia) values (54, 'Chris Evans' , 'https://static.wikia.nocookie.net/disney/images/b/b7/ChrisEvans.png/revision/latest?cb=20150201170140&path-prefix=es' , 'Estadounidense' , '1981-06-13' , 'Christopher Robert Evans, conocido simplemente como Chris Evans, es un actor, actor de voz, director y productor de cine estadounidense. Criado en el pueblo de Sudbury, mostró interés a temprana edad por la actuación y se mudó a Nueva York.');
insert into ACTOR_ENTITY (id, nombre, fotografia, nacionalidad, fecha_nacimiento, biografia) values (55, 'Scarlett Johansson' , 'https://upload.wikimedia.org/wikipedia/commons/thumb/6/60/Scarlett_Johansson_by_Gage_Skidmore_2_%28cropped%29.jpg/1200px-Scarlett_Johansson_by_Gage_Skidmore_2_%28cropped%29.jpg' , 'Estadounidense' , '1984-11-22' , 'Scarlett Ingrid Johansson es una actriz, cantante, directora, productora, modelo, cantante y empresaria estadounidense. Comenzó a mostrar intereses en la actuación desde temprana edad.');
insert into ACTOR_ENTITY (id, nombre, fotografia, nacionalidad, fecha_nacimiento, biografia) values (56, 'Benedict Cumberbatch' , 'https://media.revistagq.com/photos/5ca5fcf9f46488360df4a04f/3:4/w_675,h_900,c_limit/benedict_cumberbatch_8437.jpg' , 'Britanica' , '1976-07-19' , 'Benedict Timothy Carlton Cumberbatch, conocido como Benedict Cumberbatch, es un actor británico de televisión, teatro, cine y voz.');
insert into ACTOR_ENTITY (id, nombre, fotografia, nacionalidad, fecha_nacimiento, biografia) values (57, 'Tom Holland' , 'https://upload.wikimedia.org/wikipedia/commons/thumb/3/3c/Tom_Holland_by_Gage_Skidmore.jpg/1200px-Tom_Holland_by_Gage_Skidmore.jpg' , 'Britanica' , '1996-06-01' , 'Thomas Stanley Holland, conocido simplemente como Tom Holland, es un actor, actor de voz y bailarín británico. Comenzó su carrera en el teatro en 2008 interpretando al personaje principal en el musical Billy Elliot.');
insert into ACTOR_ENTITY (id, nombre, fotografia, nacionalidad, fecha_nacimiento, biografia) values (58, 'Mark Ruffalo' , 'https://upload.wikimedia.org/wikipedia/commons/thumb/1/11/Mark_Ruffalo_%2836201774756%29_%28cropped%29.jpg/1200px-Mark_Ruffalo_%2836201774756%29_%28cropped%29.jpg' , 'Estadosunidense' , '1967-11-22' , 'Mark Alan Ruffalo es un actor, actor de voz, productor y director estadounidense. Inició su carrera como actor en los años 1990 apareciendo en varias series de televisión y películas con papeles menores.');
insert into ACTOR_ENTITY (id, nombre, fotografia, nacionalidad, fecha_nacimiento, biografia) values (59, 'Chris Pratt' , 'https://upload.wikimedia.org/wikipedia/commons/thumb/9/99/Chris_Pratt_2018.jpg/800px-Chris_Pratt_2018.jpg' , 'Estadounidense' , '1979-06-21' , 'Christopher Michael Pratt conocido simplemente como Chris Pratt, es un actor, actor de voz y productor estadounidense. Aunque nació en Virginia, creció en la ciudad de Washington y tras terminar la secundaria en 1997, abandonó sus estudios.');
insert into ACTOR_ENTITY (id, nombre, fotografia, nacionalidad, fecha_nacimiento, biografia) values (60, 'Bryce Dallas Howard' , 'https://m.media-amazon.com/images/M/MV5BNzExZDkyNWItMDYzNS00MGVlLTllZTctMjYyZGE1MmY0MThhXkEyXkFqcGdeQXVyMDA4NzMyOA@@._V1_.jpg' , 'Estadounidense' , '1981-03-02' , 'Bryce Dallas Howard es una actriz, guionista y directora estadounidense. Howard asistió a la Tisch School of the Arts de la Universidad de Nueva York; yéndose inicialmente en 2002 para asumir papeles en Broadway.');
insert into ACTOR_ENTITY (id, nombre, fotografia, nacionalidad, fecha_nacimiento, biografia) values (61, 'Nick Robinson' , 'https://static.wikia.nocookie.net/doblaje/images/1/1e/Nick-robinson_sc_768x1024.png/revision/latest?cb=20150614232518&path-prefix=es' , 'Estadounidense' , '1995-03-22' , 'Nicholas John Robinson es un actor estadounidense. De niño, apareció en las producciones teatrales de 2008 de A Christmas Carol y Mame, y luego actuó en la serie de televisión Melissa & Joey.');
insert into ACTOR_ENTITY (id, nombre, fotografia, nacionalidad, fecha_nacimiento, biografia) values (62, 'Ty Simpkins' , 'https://m.media-amazon.com/images/M/MV5BZTZjNzMyZDktZDhkOS00NWM5LTkwYzUtZmJlMTU4NWQzNjBlXkEyXkFqcGdeQXVyMTAxNjMxMjg@._V1_.jpg' , 'Estadounidense' , '2001-08-06' , 'Ty Keegan Simpkins es un actor estadounidense, fue el protagonista principal de Insidious y su secuela Insidious: Chapter 2 interpretando a Dalton Lambert. Luego, trabajó en Jurassic World, interpretando a Gray Mitchell.');
insert into ACTOR_ENTITY (id, nombre, fotografia, nacionalidad, fecha_nacimiento, biografia) values (63, 'BD Wong' , 'https://flxt.tmsimg.com/assets/6863_v9_bb.jpg' , 'Estadounidense' , '1960-10-24' , 'Bradley Darryl Wong es un actor estadounidense.');
insert into ACTOR_ENTITY (id, nombre, fotografia, nacionalidad, fecha_nacimiento, biografia) values (64, 'Daisy Ridley' , 'https://static.wikia.nocookie.net/esstarwars/images/2/20/Daisy_Ridley_2.jpg/revision/latest?cb=20190518222747' , 'Britanica' , '1992-04-10' , '"Daisy Jazz Isobel Ridley es una actriz inglesa, famosa por interpretar al personaje de Rey en la tercera trilogía de Star Wars.');
insert into ACTOR_ENTITY (id, nombre, fotografia, nacionalidad, fecha_nacimiento, biografia) values (65, 'John Boyega' , 'https://flxt.tmsimg.com/assets/621146_v9_bc.jpg' , 'Britanica' , '1992-03-17' , 'John Boyega es un actor británico de ascendencia nigeriana. Es conocido por interpretar a FN-2187 / Finn en la serie de películas de Star Wars.');
insert into ACTOR_ENTITY (id, nombre, fotografia, nacionalidad, fecha_nacimiento, biografia) values (66, 'Harrison Ford' , 'https://static.wikia.nocookie.net/doblaje/images/e/ef/Harrison_Ford-Perfil.png/revision/latest?cb=20220712042957&path-prefix=es' , 'Estadounidense' , '1942-07-13' , 'Harrison Ford es un actor estadounidense de cine y televisión. Debe su notoriedad a su colaboración con el guionista, productor y director George Lucas, que fue el primero en darle la posibilidad de ser actor.');
insert into ACTOR_ENTITY (id, nombre, fotografia, nacionalidad, fecha_nacimiento, biografia) values (67, 'Adam Driver' , 'https://cdn.britannica.com/67/215267-050-4487C49F/American-actor-Adam-Driver-2020.jpg' , 'Estadounidense' , '1983-11-19' , 'Adam Douglas Driver es un marine retirado, cantante ocasional y actor estadounidense.');
insert into ACTOR_ENTITY (id, nombre, fotografia, nacionalidad, fecha_nacimiento, biografia) values (68,'','','','','');
insert into ACTOR_ENTITY (id, nombre, fotografia, nacionalidad, fecha_nacimiento, biografia) values (69,'','','','','');
insert into ACTOR_ENTITY (id, nombre, fotografia, nacionalidad, fecha_nacimiento, biografia) values (70,'','','','','');
insert into ACTOR_ENTITY (id, nombre, fotografia, nacionalidad, fecha_nacimiento, biografia) values (71,'','','','','');
insert into ACTOR_ENTITY (id, nombre, fotografia, nacionalidad, fecha_nacimiento, biografia) values (72,'','','','','');
insert into ACTOR_ENTITY (id, nombre, fotografia, nacionalidad, fecha_nacimiento, biografia) values (73,'','','','','');
insert into ACTOR_ENTITY (id, nombre, fotografia, nacionalidad, fecha_nacimiento, biografia) values (74,'','','','','');
insert into ACTOR_ENTITY (id, nombre, fotografia, nacionalidad, fecha_nacimiento, biografia) values (75,'','','','','');
insert into ACTOR_ENTITY (id, nombre, fotografia, nacionalidad, fecha_nacimiento, biografia) values (76,'','','','','');
insert into ACTOR_ENTITY (id, nombre, fotografia, nacionalidad, fecha_nacimiento, biografia) values (77,'','','','','');
insert into ACTOR_ENTITY (id, nombre, fotografia, nacionalidad, fecha_nacimiento, biografia) values (78,'','','','','');
insert into ACTOR_ENTITY (id, nombre, fotografia, nacionalidad, fecha_nacimiento, biografia) values (79,'','','','','');
insert into ACTOR_ENTITY (id, nombre, fotografia, nacionalidad, fecha_nacimiento, biografia) values (80,'','','','','');
insert into ACTOR_ENTITY (id, nombre, fotografia, nacionalidad, fecha_nacimiento, biografia) values (81,'','','','','');
insert into ACTOR_ENTITY (id, nombre, fotografia, nacionalidad, fecha_nacimiento, biografia) values (82,'','','','','');
insert into ACTOR_ENTITY (id, nombre, fotografia, nacionalidad, fecha_nacimiento, biografia) values (83,'','','','','');
insert into ACTOR_ENTITY (id, nombre, fotografia, nacionalidad, fecha_nacimiento, biografia) values (84,'','','','','');
insert into ACTOR_ENTITY (id, nombre, fotografia, nacionalidad, fecha_nacimiento, biografia) values (85,'','','','','');
insert into ACTOR_ENTITY (id, nombre, fotografia, nacionalidad, fecha_nacimiento, biografia) values (86,'','','','','');
insert into ACTOR_ENTITY (id, nombre, fotografia, nacionalidad, fecha_nacimiento, biografia) values (87,'','','','','');
insert into ACTOR_ENTITY (id, nombre, fotografia, nacionalidad, fecha_nacimiento, biografia) values (88,'','','','','');
insert into ACTOR_ENTITY (id, nombre, fotografia, nacionalidad, fecha_nacimiento, biografia) values (89,'','','','','');
insert into ACTOR_ENTITY (id, nombre, fotografia, nacionalidad, fecha_nacimiento, biografia) values (90,'','','','','');


insert into GENERO_ENTITY (id, nombre) values (1,'Accion');
insert into GENERO_ENTITY (id, nombre) values (2,'Aventuras');
insert into GENERO_ENTITY (id, nombre) values (3,'Ciencia ficcion');
insert into GENERO_ENTITY (id, nombre) values (4,'Comedia');
insert into GENERO_ENTITY (id, nombre) values (5,'Documental');
insert into GENERO_ENTITY (id, nombre) values (6,'Drama');
insert into GENERO_ENTITY (id, nombre) values (7,'Fantasia');
insert into GENERO_ENTITY (id, nombre) values (8,'Musical');
insert into GENERO_ENTITY (id, nombre) values (9,'Romance');
insert into GENERO_ENTITY (id, nombre) values (10,'Suspenso');
insert into GENERO_ENTITY (id, nombre) values (11,'Terror');


insert into NOMINACION_ENTITY (id, nombre, anho, categoria) values( ,'',  ,'');
insert into NOMINACION_ENTITY (id, nombre, anho, categoria) values( ,'',  ,'');
insert into NOMINACION_ENTITY (id, nombre, anho, categoria) values( ,'',  ,'');
insert into NOMINACION_ENTITY (id, nombre, anho, categoria) values( ,'',  ,'');
insert into NOMINACION_ENTITY (id, nombre, anho, categoria) values( ,'',  ,'');
insert into NOMINACION_ENTITY (id, nombre, anho, categoria) values( ,'',  ,'');
insert into NOMINACION_ENTITY (id, nombre, anho, categoria) values( ,'',  ,'');
insert into NOMINACION_ENTITY (id, nombre, anho, categoria) values( ,'',  ,'');
insert into NOMINACION_ENTITY (id, nombre, anho, categoria) values( ,'',  ,'');
insert into NOMINACION_ENTITY (id, nombre, anho, categoria) values( ,'',  ,'');
insert into NOMINACION_ENTITY (id, nombre, anho, categoria) values( ,'',  ,'');
insert into NOMINACION_ENTITY (id, nombre, anho, categoria) values( ,'',  ,'');
insert into NOMINACION_ENTITY (id, nombre, anho, categoria) values( ,'',  ,'');
insert into NOMINACION_ENTITY (id, nombre, anho, categoria) values( ,'',  ,'');
insert into NOMINACION_ENTITY (id, nombre, anho, categoria) values( ,'',  ,'');
insert into NOMINACION_ENTITY (id, nombre, anho, categoria) values( ,'',  ,'');
insert into NOMINACION_ENTITY (id, nombre, anho, categoria) values( ,'',  ,'');
insert into NOMINACION_ENTITY (id, nombre, anho, categoria) values( ,'',  ,'');
insert into NOMINACION_ENTITY (id, nombre, anho, categoria) values( ,'',  ,'');
insert into NOMINACION_ENTITY (id, nombre, anho, categoria) values( ,'',  ,'');
insert into NOMINACION_ENTITY (id, nombre, anho, categoria) values( ,'',  ,'');
insert into NOMINACION_ENTITY (id, nombre, anho, categoria) values( ,'',  ,'');
insert into NOMINACION_ENTITY (id, nombre, anho, categoria) values( ,'',  ,'');
insert into NOMINACION_ENTITY (id, nombre, anho, categoria) values( ,'',  ,'');
insert into NOMINACION_ENTITY (id, nombre, anho, categoria) values( ,'',  ,'');
insert into NOMINACION_ENTITY (id, nombre, anho, categoria) values( ,'',  ,'');
insert into NOMINACION_ENTITY (id, nombre, anho, categoria) values( ,'',  ,'');
insert into NOMINACION_ENTITY (id, nombre, anho, categoria) values( ,'',  ,'');
insert into NOMINACION_ENTITY (id, nombre, anho, categoria) values( ,'',  ,'');
insert into NOMINACION_ENTITY (id, nombre, anho, categoria) values( ,'',  ,'');

insert into PREMIO_ENTITY (id, nombre, anho, categoria) values( ,'',  ,'');
insert into PREMIO_ENTITY (id, nombre, anho, categoria) values( ,'',  ,'');
insert into PREMIO_ENTITY (id, nombre, anho, categoria) values( ,'',  ,'');
insert into PREMIO_ENTITY (id, nombre, anho, categoria) values( ,'',  ,'');
insert into PREMIO_ENTITY (id, nombre, anho, categoria) values( ,'',  ,'');
insert into PREMIO_ENTITY (id, nombre, anho, categoria) values( ,'',  ,'');
insert into PREMIO_ENTITY (id, nombre, anho, categoria) values( ,'',  ,'');
insert into PREMIO_ENTITY (id, nombre, anho, categoria) values( ,'',  ,'');
insert into PREMIO_ENTITY (id, nombre, anho, categoria) values( ,'',  ,'');
insert into PREMIO_ENTITY (id, nombre, anho, categoria) values( ,'',  ,'');
insert into PREMIO_ENTITY (id, nombre, anho, categoria) values( ,'',  ,'');
insert into PREMIO_ENTITY (id, nombre, anho, categoria) values( ,'',  ,'');
insert into PREMIO_ENTITY (id, nombre, anho, categoria) values( ,'',  ,'');
insert into PREMIO_ENTITY (id, nombre, anho, categoria) values( ,'',  ,'');
insert into PREMIO_ENTITY (id, nombre, anho, categoria) values( ,'',  ,'');
insert into PREMIO_ENTITY (id, nombre, anho, categoria) values( ,'',  ,'');
insert into PREMIO_ENTITY (id, nombre, anho, categoria) values( ,'',  ,'');
insert into PREMIO_ENTITY (id, nombre, anho, categoria) values( ,'',  ,'');
insert into PREMIO_ENTITY (id, nombre, anho, categoria) values( ,'',  ,'');
insert into PREMIO_ENTITY (id, nombre, anho, categoria) values( ,'',  ,'');

insert into PLATAFORMA_ENTITY (id, nombre, url) values (1, 'Netflix','https://www.netflix.com/co/');
insert into PLATAFORMA_ENTITY (id, nombre, url) values (2, 'HBO Max','https://www.hbomax.com/co/es');
insert into PLATAFORMA_ENTITY (id, nombre, url) values (3, 'Prime Video','https://www.primevideo.com/ref=atv_hm_offers_c_9zZ8D2_1_1?language=es_ES');
insert into PLATAFORMA_ENTITY (id, nombre, url) values (4, 'Disney+','https://www.disneyplus.com/es-419/login');
insert into PLATAFORMA_ENTITY (id, nombre, url) values (5, 'Paramount Plus','https://www.paramountplus.com/co/');
insert into PLATAFORMA_ENTITY (id, nombre, url) values (6, 'Star Plus','https://www.starplus.com/es-419/login');
insert into PLATAFORMA_ENTITY (id, nombre, url) values (7, 'Apple TV+','https://tv.apple.com/?itscg=10000&itsct=atv-tv_op-nav_wch-ctr-210111');
insert into PLATAFORMA_ENTITY (id, nombre, url) values (8, 'Hulu','https://www.hulu.com/welcome?orig_referrer=https%3A%2F%2Fwww.google.com%2F');


insert into ACTOR_ENTITY_PELICULAS (actores_id , peliculas_id) values (1,1);
insert into ACTOR_ENTITY_PELICULAS (actores_id , peliculas_id) values (2,1);
insert into ACTOR_ENTITY_PELICULAS (actores_id , peliculas_id) values (3,1);
insert into ACTOR_ENTITY_PELICULAS (actores_id , peliculas_id) values (4,1);
insert into ACTOR_ENTITY_PELICULAS (actores_id , peliculas_id) values (5,1);
insert into ACTOR_ENTITY_PELICULAS (actores_id , peliculas_id) values (6,2);
insert into ACTOR_ENTITY_PELICULAS (actores_id , peliculas_id) values (7,2);
insert into ACTOR_ENTITY_PELICULAS (actores_id , peliculas_id) values (8,2);
insert into ACTOR_ENTITY_PELICULAS (actores_id , peliculas_id) values (9,2);
insert into ACTOR_ENTITY_PELICULAS (actores_id , peliculas_id) values (10,2);
insert into ACTOR_ENTITY_PELICULAS (actores_id , peliculas_id) values (11,3);
insert into ACTOR_ENTITY_PELICULAS (actores_id , peliculas_id) values (12,3);
insert into ACTOR_ENTITY_PELICULAS (actores_id , peliculas_id) values (13,3);
insert into ACTOR_ENTITY_PELICULAS (actores_id , peliculas_id) values (14,3);
insert into ACTOR_ENTITY_PELICULAS (actores_id , peliculas_id) values (15,3);
insert into ACTOR_ENTITY_PELICULAS (actores_id , peliculas_id) values (16,4);
insert into ACTOR_ENTITY_PELICULAS (actores_id , peliculas_id) values (17,4);
insert into ACTOR_ENTITY_PELICULAS (actores_id , peliculas_id) values (18,4);
insert into ACTOR_ENTITY_PELICULAS (actores_id , peliculas_id) values (19,4);
insert into ACTOR_ENTITY_PELICULAS (actores_id , peliculas_id) values (20,4);
insert into ACTOR_ENTITY_PELICULAS (actores_id , peliculas_id) values (21,5);
insert into ACTOR_ENTITY_PELICULAS (actores_id , peliculas_id) values (22,5);
insert into ACTOR_ENTITY_PELICULAS (actores_id , peliculas_id) values (23,5);
insert into ACTOR_ENTITY_PELICULAS (actores_id , peliculas_id) values (24,5);
insert into ACTOR_ENTITY_PELICULAS (actores_id , peliculas_id) values (25,5);
insert into ACTOR_ENTITY_PELICULAS (actores_id , peliculas_id) values (26,6);
insert into ACTOR_ENTITY_PELICULAS (actores_id , peliculas_id) values (27,6);
insert into ACTOR_ENTITY_PELICULAS (actores_id , peliculas_id) values (28,6);
insert into ACTOR_ENTITY_PELICULAS (actores_id , peliculas_id) values (29,6);
insert into ACTOR_ENTITY_PELICULAS (actores_id , peliculas_id) values (30,6);
insert into ACTOR_ENTITY_PELICULAS (actores_id , peliculas_id) values (31,7);
insert into ACTOR_ENTITY_PELICULAS (actores_id , peliculas_id) values (32,7);
insert into ACTOR_ENTITY_PELICULAS (actores_id , peliculas_id) values (33,7);
insert into ACTOR_ENTITY_PELICULAS (actores_id , peliculas_id) values (34,7);
insert into ACTOR_ENTITY_PELICULAS (actores_id , peliculas_id) values (35,7);
insert into ACTOR_ENTITY_PELICULAS (actores_id , peliculas_id) values (36,8);
insert into ACTOR_ENTITY_PELICULAS (actores_id , peliculas_id) values (37,8);
insert into ACTOR_ENTITY_PELICULAS (actores_id , peliculas_id) values (38,8);
insert into ACTOR_ENTITY_PELICULAS (actores_id , peliculas_id) values (39,8);
insert into ACTOR_ENTITY_PELICULAS (actores_id , peliculas_id) values (40,8);
insert into ACTOR_ENTITY_PELICULAS (actores_id , peliculas_id) values (41,9);
insert into ACTOR_ENTITY_PELICULAS (actores_id , peliculas_id) values (42,9);
insert into ACTOR_ENTITY_PELICULAS (actores_id , peliculas_id) values (43,9);
insert into ACTOR_ENTITY_PELICULAS (actores_id , peliculas_id) values (44,9);
insert into ACTOR_ENTITY_PELICULAS (actores_id , peliculas_id) values (45,9);
insert into ACTOR_ENTITY_PELICULAS (actores_id , peliculas_id) values (46,9);
insert into ACTOR_ENTITY_PELICULAS (actores_id , peliculas_id) values (47,10);
insert into ACTOR_ENTITY_PELICULAS (actores_id , peliculas_id) values (48,10);
insert into ACTOR_ENTITY_PELICULAS (actores_id , peliculas_id) values (49,10);
insert into ACTOR_ENTITY_PELICULAS (actores_id , peliculas_id) values (50,10);
insert into ACTOR_ENTITY_PELICULAS (actores_id , peliculas_id) values (51,11);
insert into ACTOR_ENTITY_PELICULAS (actores_id , peliculas_id) values (52,11);
insert into ACTOR_ENTITY_PELICULAS (actores_id , peliculas_id) values (53,11);
insert into ACTOR_ENTITY_PELICULAS (actores_id , peliculas_id) values (54,11);
insert into ACTOR_ENTITY_PELICULAS (actores_id , peliculas_id) values (55,11);
insert into ACTOR_ENTITY_PELICULAS (actores_id , peliculas_id) values (56,11);
insert into ACTOR_ENTITY_PELICULAS (actores_id , peliculas_id) values (57,11);
insert into ACTOR_ENTITY_PELICULAS (actores_id , peliculas_id) values (58,11);
insert into ACTOR_ENTITY_PELICULAS (actores_id , peliculas_id) values (59,11);
insert into ACTOR_ENTITY_PELICULAS (actores_id , peliculas_id) values (41,11);
insert into ACTOR_ENTITY_PELICULAS (actores_id , peliculas_id) values (60,12);
insert into ACTOR_ENTITY_PELICULAS (actores_id , peliculas_id) values (59,12);
insert into ACTOR_ENTITY_PELICULAS (actores_id , peliculas_id) values (61,12);
insert into ACTOR_ENTITY_PELICULAS (actores_id , peliculas_id) values (62,12);
insert into ACTOR_ENTITY_PELICULAS (actores_id , peliculas_id) values (63,12);
insert into ACTOR_ENTITY_PELICULAS (actores_id , peliculas_id) values (64,13);
insert into ACTOR_ENTITY_PELICULAS (actores_id , peliculas_id) values (65,13);
insert into ACTOR_ENTITY_PELICULAS (actores_id , peliculas_id) values (66,13);
insert into ACTOR_ENTITY_PELICULAS (actores_id , peliculas_id) values (67,13);
insert into ACTOR_ENTITY_PELICULAS (actores_id , peliculas_id) values (46,13);
insert into ACTOR_ENTITY_PELICULAS (actores_id , peliculas_id) values (42,13);


insert into DIRECTOR_ENTITY_PELICULAS (directores_id,peliculas_id) values (1,1);
insert into DIRECTOR_ENTITY_PELICULAS (directores_id,peliculas_id) values (2,2);
insert into DIRECTOR_ENTITY_PELICULAS (directores_id,peliculas_id) values (3,3);
insert into DIRECTOR_ENTITY_PELICULAS (directores_id,peliculas_id) values (4,4);
insert into DIRECTOR_ENTITY_PELICULAS (directores_id,peliculas_id) values (5,5);
insert into DIRECTOR_ENTITY_PELICULAS (directores_id,peliculas_id) values (6,6);
insert into DIRECTOR_ENTITY_PELICULAS (directores_id,peliculas_id) values (7,7);
insert into DIRECTOR_ENTITY_PELICULAS (directores_id,peliculas_id) values (8,8);
insert into DIRECTOR_ENTITY_PELICULAS (directores_id,peliculas_id) values (9,9);
insert into DIRECTOR_ENTITY_PELICULAS (directores_id,peliculas_id) values (10,10);
insert into DIRECTOR_ENTITY_PELICULAS (directores_id,peliculas_id) values (11,11);
insert into DIRECTOR_ENTITY_PELICULAS (directores_id,peliculas_id) values (12,12);
insert into DIRECTOR_ENTITY_PELICULAS (directores_id,peliculas_id) values (13,13);
